"min_x[pos_x,pos_y,node_tag]","max_x[pos_x,pos_y,node_tag]","min_y[ux, uy, tau_yx]","max_y[ux, uy, tau_yx]"
"[0.0, -1.2845591754739871e-06, 0.0]","[0.19903238117694855, 0.004999999888241291, 1.0]","[-1.5478968620300293, -1.0942007303237915, -0.4576135575771332]","[9.924274444580078, 2.9101853370666504, 0.1503782421350479]"
